"Path","SizeKB","Noindex","Lang","Title","HasImages","HasSVG","HasMermaid","HasStructuredData","InternalLinks","DesignStyle","Quality"
"convert-pdf-features.html","47.6","YES","EN","MaiPDF Convert - Free PDF to Image Converter | Secure Document Conversion","True","False","False","True","4","modern","4"
"flowcharts.html","26.9","YES","EN","MaiPDF Visual Guides - Interactive Flowcharts & Diagrams","True","False","False","False","19","modern","3"
"index.html","26.7","NO","EN","Send PDF Online | Upload & Share PDFs with Secure Links","True","False","False","True","29","modern","4"
"index_backup_20251203_163725.html","58.6","YES","EN","MaiPDF - Free PDF Sharing & Security Platform","False","True","False","True","25","modern","4"
"maiconvert-concise.html","27.8","YES","EN","MaiPDF Convert | Secure PDF to Image Conversion Tool","True","True","False","True","4","modern","5"
"maiconvert-introduction.html","16.7","YES","EN","MaiPDF Convert | Secure PDF to Image Conversion Tool","True","False","False","False","0","modern","3"
"maipdf_advanced_features_zh_v3.html","5.2","YES","ZH","MaiPDF - 高级 PDF 分享和安全功能","True","False","False","True","0","mixed","2"
"work.html","94","YES","EN","Compliance Work List","False","False","False","False","0","modern","2"
"arabic/advanced-security-configurations.html","18.1","YES","AR","إعدادات الأمان المتقدمة للـ PDF | MaiPDF","False","False","False","True","8","modern","2"
"arabic/anonymous-pdf-sharing.html","14.3","YES","AR","مشاركة PDF المجهولة - حماية الخصوصية | MaiPDF","False","False","False","True","8","modern","2"
"arabic/convert-pdf-to-qr-code.html","14.7","YES","AR","تحويل PDF إلى رمز QR | MaiPDF","False","False","False","True","8","modern","2"
"arabic/design-watermark-protection.html","14.7","YES","AR","تصميم حماية العلامة المائية للـ PDF | MaiPDF","False","False","False","True","8","modern","2"
"arabic/dynamic-watermark-tracking.html","0.7","YES","EN","404 - Page Removed","False","False","False","False","0","modern","1"
"arabic/email-verification-secure-pdf-access.html","16.3","YES","AR","التحقق بالبريد الإلكتروني للوصول الآمن للـ PDF | MaiPDF","False","False","False","True","8","modern","2"
"arabic/free-pdf-hosting-and-sharing.html","15.2","YES","AR","استضافة ومشاركة PDF مجانية | MaiPDF","False","False","False","True","8","modern","2"
"arabic/index.html","13.9","YES","AR","MaiPDF - منصة أمان ومشاركة PDF | ميزات وأدلة","False","False","False","False","26","modern","2"
"arabic/pdf-security-features.html","13.9","YES","AR","ميزات أمان PDF المتقدمة | MaiPDF","False","False","False","True","8","modern","2"
"arabic/pdf-tracking-analytics.html","0.7","YES","EN","404 - Page Removed","False","False","False","False","0","modern","1"
"arabic/pdf-tracking-comparison.html","0.7","YES","EN","404 - Page Removed","False","False","False","False","0","modern","1"
"arabic/pdf-view-tracking.html","0.7","YES","EN","404 - Page Removed","False","False","False","False","0","modern","1"
"arabic/track-pdf-usage.html","0.7","YES","EN","404 - Page Removed","False","False","False","False","0","modern","1"
"article/confidential-documents-risk.html","32.2","NO","EN","Confidential Documents Security Guide - Share Confidential Documents Securely...","False","False","False","True","11","modern","4"
"article/confidential-investor-updates.html","20.5","NO","EN","Control Access to Confidential Investor Updates | Secure Fundraising Document...","True","True","True","True","12","mixed","4"
"article/controlling-pdf-access.html","31.6","NO","EN","PDF Access Control Guide - Control PDF Access with Password Protection, View ...","True","False","True","True","14","mixed","4"
"article/ebook-preview.html","37.6","NO","EN","Ebook Preview Security Guide - Share Ebook Previews Without Downloads, Passwo...","False","True","True","True","9","modern","4"
"article/free-pdf-sharing-online-zh.html","46","NO","ZH","免费在线共享PDF - 安全便捷的文档分享平台 | MaiPDF","True","True","True","True","15","modern","5"
"article/how-to-track-a-pdf-file-zh.html","7.6","NO","ZH","如何追踪PDF文件：了解谁打开了您的文档","True","False","False","False","10","modern","2"
"article/how-to-track-a-pdf-file.html","8.1","NO","EN","How to Track a PDF File: Know Who Opened Your Document","False","False","False","False","11","modern","2"
"article/image-access-control.html","2.4","YES","EN","Image Access Control | Maiimg","False","False","False","False","5","mixed","1"
"article/image-link-expiration.html","3.3","YES","EN","Image Link Expiration — Time‑Limited Sharing | Maiimg","False","False","False","False","5","mixed","1"
"article/image-sharing-link.html","3.8","YES","EN","Image Sharing Link — Private & Controlled | Maiimg","False","False","False","False","5","mixed","1"
"article/image-view-limit.html","2.3","YES","EN","Image View Limit | Maiimg","False","False","False","False","5","mixed","1"
"article/index.html","28.8","NO","EN","MaiPDF Articles - Expert PDF Security & Management Guides | Document Protecti...","True","False","False","True","40","mixed","4"
"article/internal-company-docs-sharing.html","40.9","NO","EN","Internal Company Document Sharing Guide - Share Company Docs Securely Without...","True","False","False","True","28","modern","4"
"article/limit-pdf-access-times-en.html","43.5","NO","EN","How to Limit PDF Access Times - Complete Access Control Guide | MaiPDF","False","True","False","True","16","modern","4"
"article/limit-pdf-open-times.html","47.4","NO","ZH","如何限制PDF访问次数 - 精确控制文档访问权限 | MaiPDF","False","True","True","True","5","modern","4"
"article/maipdf-convert-promo-ar.html","8.8","YES","AR","ماي بي دي إف: حوّل ملفات PDF إلى صور فوراً – مجاني وآمن ومرن","True","False","False","True","3","modern","2"
"article/maipdf-convert-promo-de.html","7.6","YES","DE","MaiPDF: PDF sofort online in Bilder umwandeln – kostenlos, sicher und flexibel","True","False","False","True","3","modern","2"
"article/maipdf-convert-promo-fr.html","7.8","YES","FR","MaiPDF : Convertissez instantanément vos PDF en images – Gratuit, sécurisé et...","True","False","False","True","3","modern","2"
"article/maipdf-convert-promo-ja.html","7.2","YES","JA","MaiPDF：PDFを画像に即座に変換 – 無料・安全・柔軟","True","False","False","True","3","modern","2"
"article/maipdf-convert-promo-ko.html","7.2","YES","KO","MaiPDF: PDF를 이미지로 즉시 변환 – 무료, 안전, 유연","True","False","False","True","3","modern","2"
"article/maipdf-convert-promo-zh.html","20.3","YES","ZH","MaiPDF：在线将PDF快速转换为图片，免费、安全、灵活 | PDF转图片工具","True","False","False","True","0","modern","4"
"article/maipdf-convert-promo.html","30.5","YES","EN","Convert PDF to Images Instantly Online – Free, Secure, and Flexible with MaiPDF","True","False","False","True","6","mixed","4"
"article/maipdf-convert-tool-ar.html","7.9","YES","AR","أداة ماي بي دي إف لتحويل PDF إلى صورة عبر الإنترنت: تحويل آمن وسهل وقابل للتحكم","True","False","False","True","2","mixed","2"
"article/maipdf-convert-tool-de.html","6.9","YES","DE","MaiPDF Online PDF-zu-Bild-Tool: Sichere, bequeme und kontrollierbare Bildumwa...","True","False","False","True","2","mixed","2"
"article/maipdf-convert-tool-en.html","8.1","NO","EN","MaiPDF Online PDF to Image Tool: Secure, Convenient, and Controllable Image C...","True","False","True","True","2","mixed","2"
"article/maipdf-convert-tool-fr.html","7.1","YES","FR","Outil en ligne MaiPDF PDF vers image : conversion sécurisée, pratique et cont...","True","False","False","True","2","mixed","2"
"article/maipdf-convert-tool-ja.html","7","YES","JA","MaiPDF オンライン PDF画像化ツール：安全・便利・コントロール自在な画像変換","True","False","False","True","2","mixed","2"
"article/maipdf-convert-tool-ko.html","7.1","YES","KO","MaiPDF 온라인 PDF 이미지 변환 도구: 안전하고 편리하며 제어 가능한 이미지화","True","False","False","True","2","mixed","2"
"article/maipdf-convert-tool-zh.html","7.9","NO","ZH","MaiPDF 在线 PDF 转图片工具：安全、便捷、可控的图片化方案","True","False","True","True","2","mixed","2"
"article/maipdf-vs-docsend.html","35.1","NO","EN","MaiPDF vs DocSend: Honest Comparison for Document Sharing (2026)","False","False","False","True","13","modern","4"
"article/maipdf-vs-smallpdf.html","32.5","NO","EN","MaiPDF vs Smallpdf: Different Tools for Different Jobs (2026)","False","False","False","True","15","modern","4"
"article/offline-maipdf-ar-new.html","9.6","NO","AR","التحكم في الملفات عن بعد بدون سحابة: مشاركة خفيفة الوزن لملفات PDF المشفرة مح...","True","False","False","True","2","modern","2"
"article/offline-maipdf-ar.html","14.3","YES","AR","التحكم في الملفات عن بعد بدون سحابة: مشاركة خفيفة الوزن لملفات PDF المشفرة مح...","False","False","False","True","2","mixed","2"
"article/offline-maipdf-cn.html","13.3","NO","ZH","文件不落云也能远程管控：本地加密 PDF 的轻量级分享新姿势","True","False","False","True","0","modern","3"
"article/offline-maipdf-de.html","15.9","YES","DE","Dateien ohne Cloud-Nutzung fernsteuern: Leichte gemeinsame Nutzung lokal vers...","True","False","False","True","0","modern","4"
"article/offline-maipdf-en-new.html","8.3","NO","EN","Remote File Control Without Cloud: Lightweight Sharing of Locally Encrypted PDFs","True","False","False","True","0","modern","2"
"article/offline-maipdf-en.html","11.8","NO","EN","Remotely Control Files Without Cloud: Lightweight Sharing of Locally Encrypte...","True","False","False","True","2","modern","3"
"article/offline-maipdf-ja-new.html","9.2","NO","JA","クラウド不要のリモートファイル管理：ローカル暗号化PDFの軽量共有","True","False","False","True","0","modern","2"
"article/offline-maipdf-ja.html","13.6","YES","JA","クラウドなしでファイルをリモート制御：ローカルで暗号化されたPDFの軽量共有","False","False","False","True","2","mixed","2"
"article/offline-maipdf-ko-new.html","8.6","NO","KO","클라우드 없이 원격 파일 제어: 로컬 암호화 PDF의 경량 공유","True","False","False","True","0","modern","2"
"article/offline-maipdf-ko.html","11.9","YES","KO","클라우드 없이 파일 원격 제어: 로컬 암호화 PDF의 간편한 공유","False","False","False","True","2","mixed","2"
"article/offline-maipdf.html","9.9","NO","ZH","文件不落云也能远程管控：本地加密 PDF 分享新姿势","False","False","False","True","2","mixed","2"
"article/online-pdf-viewer.html","19.6","NO","EN","Online PDF Viewer Free - View PDF Files Online Without Downloading | Free PDF...","False","False","False","True","13","mixed","2"
"article/pdf-access-control-comparison.html","2.6","YES","EN","PDF Access Control Comparison | MaiPDF","False","False","False","False","5","mixed","1"
"article/pdf-access-control-guide.html","40.5","NO","EN","PDF Access Control: Complete Guide to Restricting Document Access (2026)","True","False","False","True","19","modern","4"
"article/pdf-control-lost.html","9.3","NO","EN","Lost Control of Your PDFs? | MaiPDF | Document Security","False","False","False","True","3","modern","2"
"article/pdf-link-expiration.html","2.5","YES","EN","PDF Link Expiration | MaiPDF","False","False","False","False","5","mixed","1"
"article/pdf-link-sharing-guide-en.html","41","NO","EN","PDF Link Sharing Guide - Create PDF Sharing Links Free Online with Password P...","False","True","False","True","15","modern","4"
"article/pdf-link-sharing-guide-zh.html","33.3","NO","ZH","PDF生成分享链接教程 - 免费在线分享文档 | MaiPDF","False","True","False","True","8","modern","4"
"article/pdf-qr-code-guide-en.html","32.8","NO","EN","PDF to QR Code Guide - Convert PDF to QR Code Free Online with Password Prote...","False","False","False","True","13","modern","4"
"article/pdf-qr-code-guide-zh.html","24.3","NO","ZH","PDF生成二维码教程 - 将PDF快速转成二维码并设置密码、次数与有效期 | MaiPDF","True","False","True","True","6","modern","5"
"article/pdf-qr-code-sharing-easy.html","20","NO","ZH","PDF也能生成二维码？我最近发现了个挺好用的小工具","False","False","False","True","3","modern","2"
"article/pdf-share-expire.html","21","NO","EN","Revoke PDF Access & Limit PDF Views | MaiPDF Guide","True","False","False","True","2","modern","4"
"article/pdf-sharing-methods.html","35.6","NO","EN","PDF Sharing Methods Guide - How to Share PDF Online Securely with Password Pr...","False","False","False","True","20","modern","4"
"article/pdf-sharing-security.html","26.9","NO","EN","PDF Sharing Security Guide - Secure PDF Sharing with Password Protection, DRM...","False","True","True","True","24","modern","3"
"article/pdf-to-qr-tutorial.html","29.4","NO","ZH","PDF转二维码教程 - 3分钟把PDF变成二维码随时随地分享 | MaiPDF","False","False","False","True","3","modern","2"
"article/pdf-tracking-analytics.html","0.7","YES","EN","404 - Page Removed","False","False","False","False","0","modern","1"
"article/pdf-view-limit.html","3.9","YES","EN","PDF View Limits — Control PDF Access | MaiPDF","False","False","False","False","5","mixed","1"
"article/pdf-view-limits-security.html","13.3","NO","EN","PDF View Limits Security Guide - Set PDF View Limits to Protect Sensitive Doc...","False","False","False","True","5","mixed","2"
"article/pdf-view-tracking-analytics.html","2.6","YES","EN","Track PDF Views with Analytics | MaiPDF","False","False","False","False","5","mixed","1"
"article/pdf-watermark-guide.html","34.1","NO","EN","PDF Watermark Online: How to Add Watermarks to PDF Documents (2026)","True","False","False","True","17","modern","4"
"article/prevent-pdf-forwarding-guide.html","33.8","NO","EN","How to Prevent PDF Forwarding: Stop Unauthorized Document Sharing (2026)","True","False","False","True","12","modern","4"
"article/private-image-sharing.html","2.3","YES","EN","Private Image Sharing | Maiimg","False","False","False","False","5","mixed","1"
"article/qr-code-pdf-scenarios.html","25.3","NO","ZH","PDF二维码应用场景大全 - 扫一扫就能看PDF | MaiPDF","False","False","False","True","3","modern","2"
"article/replace-pdf-without-changing-link-zh.html","27.7","NO","ZH","不换链接更新PDF文件 | MaiPDF 文件替换功能","True","False","True","True","8","modern","5"
"article/replace-pdf-without-changing-link.html","28.7","NO","EN","Replace a PDF Without Changing the Link | MaiPDF","True","False","True","True","8","modern","5"
"article/sales-pitch-decks.html","34.7","NO","EN","Sales Pitch Deck Security Guide - Share Pitch Decks Securely Without Forwardi...","False","False","False","True","8","modern","4"
"article/secure-pdf-sharing-best-practices.html","3.1","YES","EN","Secure PDF Sharing Best Practices (2026) | MaiPDF","False","False","False","False","5","mixed","1"
"article/secure-pdf-sharing-guide.html","37.5","NO","EN","Secure PDF Sharing Guide - How to Share PDF Securely with Password Protection...","True","False","False","True","21","modern","4"
"article/secure-pricing-sheets.html","6.1","NO","EN","Securely Share Pricing Sheets That Stay Private","True","False","False","True","2","modern","2"
"article/send-pdf-online.html","47.5","NO","EN","How to Send PDF Online Free - Complete Guide to Secure PDF Sending with Passw...","False","False","False","True","18","modern","4"
"article/sensitive-documents-security.html","11.4","NO","EN","Sensitive Documents Security Guide - Protect Sensitive PDF Documents with Pas...","False","False","False","True","2","modern","2"
"article/share-pdf-as-a-link.html","4.6","YES","EN","Share a PDF as a Link (Securely) — 3‑Step Guide | MaiPDF","False","False","False","False","5","mixed","1"
"article/share-pdf-link-password-expiration.html","2.7","YES","EN","Share PDF Link with Password & Expiration | MaiPDF","False","False","False","False","5","mixed","1"
"article/share-pdf-online.html","66.4","NO","EN","Share PDF Online Free - Secure PDF Sharing with Password Protection, Access a...","True","False","False","True","14","modern","4"
"article/show-pdf-online.html","13.8","NO","EN","How to Show PDF Online Free - Complete Guide to Displaying PDF Files Online w...","False","False","False","True","13","mixed","2"
"article/time-limited-whitepapers-case-studies.html","33.6","NO","EN","How to Send Time-Limited Whitepapers or Case Studies | MaiPDF","True","False","False","True","28","modern","4"
"article/time-limited-whitepapers.html","31.3","NO","EN","Time-Limited Whitepapers and Case Studies Guide - Control Access with Expirat...","False","False","False","True","7","modern","4"
"article/track-pdf-analytics-guide.html","34","NO","EN","How to Track PDF Files: Complete PDF Analytics Guide (2026)","True","False","False","True","18","modern","4"
"article/training-materials-distribution.html","31","NO","EN","Training Materials Distribution Guide - Secure Training Material Sharing with...","False","False","False","True","7","modern","4"
"article/user-behavior-tracking.html","0.8","YES","EN","404 - Page Removed","False","False","False","False","0","modern","1"
"chinese/convert-pdf-features.html","46","NO","ZH","MaiPDF Convert | 使用高级安全功能转换PDF","True","False","False","True","0","modern","4"
"chinese/convert-pdf-to-image.html","24.1","NO","ZH","免费PDF转图片工具 - 将PDF文字转换为只读图片PDF | MaiPDF","True","False","False","True","0","modern","4"
"chinese/pdf-to-qr-faq.html","4.7","YES","ZH","PDF转二维码常见问题解答","True","False","False","True","0","modern","1"
"chinese/pdf-to-qr-guide.html","5.2","NO","ZH","如何将PDF转换为二维码","True","False","False","True","0","modern","2"
"chinese/pdf-to-qr-scenarios.html","4.7","YES","ZH","PDF转二维码的应用场景","True","False","False","True","0","modern","1"
"features/index.html","33.9","NO","EN","MaiPDF Features - Advanced PDF Security & Analytics | Document Protection","False","False","False","True","81","mixed","2"
"features/pdf-access-control.html","1.1","NO","EN","Redirecting...","False","False","False","False","0","outdated","1"
"features/waysmulti.html","0","EMPTY","N/A","EMPTY FILE","False","False","False","False","0","N/A","0"
"features/waystosend.html","0","EMPTY","N/A","EMPTY FILE","False","False","False","False","0","N/A","0"
"features/wendang.html","0","EMPTY","N/A","EMPTY FILE","False","False","False","False","0","N/A","0"
"features/whichone.html","0","EMPTY","N/A","EMPTY FILE","False","False","False","False","0","N/A","0"
"features/zihui.html","0","EMPTY","N/A","EMPTY FILE","False","False","False","False","0","N/A","0"
"features/zuopinji.html","0","EMPTY","N/A","EMPTY FILE","False","False","False","False","0","N/A","0"
"features/共享.html","0","EMPTY","N/A","EMPTY FILE","False","False","False","False","0","N/A","0"
"features/动态水印.html","0","EMPTY","N/A","EMPTY FILE","False","False","False","False","0","N/A","0"
"features/动态水印maipdf.html","0","EMPTY","N/A","EMPTY FILE","False","False","False","False","0","N/A","0"
"features/阅读记录.html","0","EMPTY","N/A","EMPTY FILE","False","False","False","False","0","N/A","0"
"features/de/maipdf_homepage_de.html","3.1","NO","DE","NO TITLE","True","False","False","False","0","outdated","1"
"features/de/analytics/maipdf_analytics_features_de.html","2.4","NO","DE","NO TITLE","True","False","False","False","0","outdated","1"
"features/de/hosting/maipdf-bootstrap-rich-features-de.html","29","YES","DE","🚀 MaiPDF - Revolutionäres PDF-Hosting mit Premium-Features | 2025","True","True","False","False","0","mixed","3"
"features/de/hosting/maipdf_host_pdf_online_de.html","42.2","YES","DE","🌟 PDF Online Hosting - Die ultimative Cloud-Lösung | MaiPDF 2025","True","True","False","False","0","modern","3"
"features/de/hosting/pdf-online-hosting-and-sharing-de.html","51","YES","DE","🌟 PDF Online Hosting & Sharing - Die revolutionäre Cloud-Plattform | MaiPDF ...","True","True","False","False","0","modern","3"
"features/de/security/maipdf_security_control_de.html","3.6","NO","DE","NO TITLE","True","False","False","False","0","outdated","1"
"features/de/security/sicheres-pdf-teilen-erweiterte-funktionen.html","47.7","YES","DE","🛡️ Sicheres PDF Teilen 2025 - Revolutionäre Enterprise Security | MaiPDF","True","True","False","False","0","modern","3"
"features/de/sharing/maipdf_sharing_features_de.html","2.4","NO","DE","NO TITLE","True","False","False","False","0","outdated","1"
"features/en/comparison/alt.html","9.3","YES","EN","Free Alternative to Digify and Locklizard | MaiPDF","True","False","False","True","0","mixed","2"
"features/en/comparison/alternative.html","9.3","YES","EN","MaiPDF: Free and Secure PDF Access Control","True","False","False","True","0","mixed","2"
"features/en/comparison/cloud-share-vs-offline-version.html","8.4","YES","EN","MaiPDF: Cloud Share vs. Offline Version - Understanding the Distinctions","True","False","False","True","6","mixed","2"
"features/en/comparison/docfly.html","9.4","YES","EN","Share PDF Online Without Downloading - Advanced Docfly","True","False","False","True","0","mixed","2"
"features/en/comparison/free-alternative-to-digify-locklizard.html","9.4","YES","EN","MaiPDF: Free and Secure PDF Access Control","True","False","False","True","0","mixed","2"
"features/en/comparison/google-drive-vs-maipdf.html","6.6","YES","EN","Google Drive vs MaiPDF | PDF Security Comparison","False","False","False","True","2","mixed","2"
"features/en/comparison/locklizard-vs-maipdf-comparison.html","28.6","NO","EN","Locklizard vs MaiPDF: Complete Comparison of Secure PDF Solutions 2025","True","False","False","True","8","modern","4"
"features/en/comparison/pdf-tracking-comparison.html","0.7","YES","EN","404 - Page Removed","False","False","False","False","0","modern","1"
"features/en/design/design-file-organization.html","15.6","NO","EN","Design File Organization | MaiPDF","False","False","False","True","0","modern","2"
"features/en/design/design-portfolio-tracking.html","0.7","YES","EN","404 - Page Removed","False","False","False","False","0","modern","1"
"features/en/design/design-work-sharing.html","12","NO","EN","Design Work Sharing | MaiPDF | Professional Client Presentations","False","False","False","True","6","modern","2"
"features/en/design/designer-portfolio-pdf.html","12.6","NO","EN","Designer Portfolio PDF | MaiPDF | Showcase Your Work Securely","False","False","False","True","0","modern","2"
"features/en/design/portifolio.html","7.7","YES","ZH","如何把PDF的作品集生成链接或二维码，方便提交和分享","True","False","False","True","2","mixed","2"
"features/en/design/share-design-portfolio.html","10","NO","ZH","设计师如何分享自己的作品集","True","False","False","True","6","mixed","3"
"features/en/hosting/free-pdf-hosting-and-sharing.html","33.2","NO","EN","Free PDF Hosting & Sharing | MaiPDF","True","False","False","True","5","modern","4"
"features/en/hosting/host-and-share-pdf-online.html","8","YES","EN","Host and Share PDF Files Online Securely | MaiPDF","True","False","False","True","2","mixed","2"
"features/en/hosting/maipdf-bootstrap-rich-features.html","8.7","YES","EN","Secure PDF Sharing with Advanced Features | MaiPDF","True","False","False","True","2","mixed","2"
"features/en/hosting/maipdf-secure-pdf-hosting.html","11.4","NO","EN","Host PDF Files Online with MaiPDF - Secure Sharing","False","False","False","True","6","mixed","2"
"features/en/hosting/maipdf_host_pdf_online.html","8","YES","EN","Host and Share PDF Files Online Securely | MaiPDF","True","False","False","True","2","mixed","2"
"features/en/hosting/pdf-host-online.html","7.1","YES","EN","How to Host Your PDF Online | MaiPDF","False","False","False","True","0","mixed","2"
"features/en/hosting/pdf-hosting-online.html","7.1","YES","EN","How to Host Your PDF Online | MaiPDF","False","False","False","True","0","mixed","2"
"features/en/hosting/pdfhostonline.html","5.5","YES","EN","Free PDF Hosting and Sharing Online | MaiPDF","False","False","False","True","7","mixed","2"
"features/en/hosting/platform.html","5.8","YES","ZH","Maipdf PDF分享平台","False","False","False","True","2","mixed","2"
"features/en/hosting/publish pdf online.html","5.1","YES","EN","How to Publish PDF Online with MaiPDF","True","False","False","True","2","mixed","2"
"features/en/hosting/secure-pdf-hosting.html","12.7","NO","EN","Secure PDF Hosting | MaiPDF | Professional Document Management","False","False","False","True","10","modern","2"
"features/en/hosting/upload-secure-pdf.html","6.4","YES","EN","Upload and Secure PDFs | MaiPDF | Protect Your Documents","False","False","False","True","2","modern","2"
"features/en/hosting/upload-share-pdf.html","7.8","YES","EN","Upload & Share PDF Online - MaiPDF","True","False","False","True","0","mixed","2"
"features/en/security/accesscontrol.html","7.9","YES","EN","Secure PDF Access Control | MaiPDF","True","False","False","True","0","modern","2"
"features/en/security/advanced-security-configurations.html","11.5","NO","EN","Advanced PDF Security Configurations | MaiPDF | Professional Document Protection","True","False","False","True","5","modern","3"
"features/en/security/anonymous-pdf-sharing.html","21.1","NO","EN","Anonymous PDF Sharing | MaiPDF | Secure Document Sharing Without Login","False","True","False","True","2","modern","3"
"features/en/security/anti.html","9.2","YES","EN","Stop PDF Sharing and Protect Your Documents | MaiPDF","True","False","False","True","0","mixed","2"
"features/en/security/convert-pdf-to-secure-links.html","20.4","NO","EN","Convert PDF to Secure Links | MaiPDF","True","False","False","True","13","modern","4"
"features/en/security/drmfrommaipdf.html","8.1","YES","EN","MaiPDF - Free DRM for PDF Files","True","False","False","True","2","mixed","2"
"features/en/security/email-verification-secure-pdf-access.html","9.1","YES","EN","Email Verification for Secure PDF Access | MaiPDF","True","False","True","True","7","mixed","2"
"features/en/security/fence view pdf for sharing.html","6.7","YES","EN","Exploring MaiPDF's Fence View Feature for Enhanced PDF Security","True","False","False","True","2","mixed","2"
"features/en/security/fence-view-hamper-screen-grabbing.html","8.3","YES","EN","Enhancing PDF Security with MaiPDF's Fence View Feature","True","False","False","True","2","mixed","2"
"features/en/security/free-drm-for-pdf.html","8.1","YES","EN","MaiPDF - Free DRM for PDF Files","True","False","False","True","2","mixed","2"
"features/en/security/free-pdf-drm.html","6.5","YES","EN","MaiPDF: The Best Free DRM Online Tool for PDF Files","True","False","False","True","2","mixed","2"
"features/en/security/keycodeEN.html","14.1","NO","EN","Keyboard and Mouse Event Display","False","False","False","True","2","mixed","2"
"features/en/security/keycodeItalian.html","14.4","YES","IT","Visualizzazione degli eventi della tastiera e del mouse","False","False","False","True","2","mixed","2"
"features/en/security/keycodeViet.html","14.4","YES","VI","Hiển thị sự kiện bàn phím và chuột","False","False","False","True","0","mixed","2"
"features/en/security/maipdf_strong_protection.html","11.2","NO","ZH","MaiPDF - PDF 防止下载与复制","True","False","False","True","0","modern","3"
"features/en/security/make-expiration-date-for-pdfs.html","7.6","YES","EN","How to Limit PDF Views (Open Count) | MaiPDF","True","False","False","True","2","mixed","2"
"features/en/security/PDF DRM.html","6.4","YES","EN","MaiPDF: The Best Free DRM Online Tool for PDF Files","True","False","False","True","2","mixed","2"
"features/en/security/pdf-expiration-access-control.html","8.6","YES","EN","PDF View Limits & Access Control | MaiPDF | Manage Document Access","False","False","False","True","2","modern","2"
"features/en/security/pdf-expiry-and-self-destruct.html","28.5","NO","EN","Expiring a File: Set a Limit on PDF Views with MaiPDF","True","False","False","True","11","modern","4"
"features/en/security/pdf-security-best-practices.html","15.1","NO","EN","PDF Security Best Practices | MaiPDF | Protect Your Documents","False","False","False","True","9","modern","2"
"features/en/security/pdf-security-challenges.html","6.1","YES","EN","PDF Security Challenges - MaiPDF | Secure Your Sensitive Documents","False","False","False","True","2","modern","2"
"features/en/security/pdf-security-features.html","21.7","NO","EN","PDF Security Features - MaiPDF | Protect Your PDF Documents","True","False","True","True","47","modern","5"
"features/en/security/pdf-security-regrets.html","6.6","YES","EN","Avoid PDF Security Regrets - MaiPDF | Secure Your Documents","False","False","False","True","2","modern","2"
"features/en/security/pdf_open_limit.html","8.2","YES","EN","Set the Number of Times the PDF File Can Be Opened - MaiPDF","True","False","False","True","0","mixed","2"
"features/en/security/pdf_prevent_forward.html","14.3","NO","EN","How to Prevent PDF Files from Being Forwarded - MaiPDF","True","False","False","True","0","modern","3"
"features/en/security/prevent-document-content-copying.html","13.2","NO","ZH","如何防止文档内容被复制","True","False","False","True","6","mixed","3"
"features/en/security/prevent-pdf-forwarding-dynamicqr.html","13.7","NO","EN","Prevent PDF Forwarding - MaiPDF | Secure PDF Sharing","True","False","True","True","18","modern","3"
"features/en/security/preventbeingcopied.html","7.4","YES","ZH","如何不让文件被复制 - Maipdf","True","False","False","True","2","mixed","2"
"features/en/security/preventcopy.html","6.7","YES","ZH","如何不让文件被复制 - Maipdf","False","False","False","True","2","mixed","2"
"features/en/security/preventdownload.html","13","NO","EN","Prevent PDF Download and Print - MaiPDF | Secure Document Sharing","True","False","True","True","18","modern","3"
"features/en/security/prevention.html","8","YES","ZH","如何设置PDF文件不可复制和转发 - MaiPDF","True","False","False","True","2","modern","2"
"features/en/security/preventmaipdf.html","8.8","YES","ZH","如何设置PDF文件不可复制和转发 - MaiPDF","True","False","False","True","2","modern","2"
"features/en/security/prevent_downloading_maipdf.html","5.9","YES","ZH","MaiPDF - PDF 防止下载与复制","False","False","False","True","2","mixed","2"
"features/en/security/privnote.html","8.7","YES","EN","PDF File Shared in Privnote Link with Protected Mode - PrivateNote PDF","True","False","False","True","0","mixed","2"
"features/en/security/restrict.html","7.4","YES","ZH","如何为发给别人的PDF文件添加限制 - MaiPDF","True","False","False","True","2","mixed","2"
"features/en/security/restriction.html","7.9","YES","ZH","如何为发给别人的PDF文件添加限制 - MaiPDF","False","False","False","True","2","mixed","2"
"features/en/security/restrictsharing.html","6.7","YES","EN","MaiPDF - Restrict PDF Sharing","True","False","False","True","2","modern","2"
"features/en/security/secure-pdf-access-control.html","10.1","NO","EN","Secure PDF Access Control | MaiPDF","True","False","False","True","3","modern","3"
"features/en/security/secure-pdf-sharing-advanced-features.html","17.5","NO","EN","Secure PDF Sharing with Advanced Features | MaiPDF","True","False","False","True","3","mixed","4"
"features/en/security/secure-pdf-sharing-methods.html","16.8","NO","EN","Secure PDF Sharing Methods | MaiPDF","False","False","False","True","15","mixed","2"
"features/en/security/selfdestruct.html","7.8","YES","EN","MaiPDF - Self-Destructing PDF","True","False","False","True","2","modern","2"
"features/en/security/set-expiration-date-for-pdfs.html","10.4","NO","EN","How to Set an Expiration Date for PDFs","False","False","False","True","2","mixed","2"
"features/en/security/set-pdf-expiration-date.html","10","NO","ZH","如何设置PDF查看次数限制","True","False","True","True","8","mixed","3"
"features/en/security/set-pdf-print-restrictions.html","11.3","NO","ZH","设置PDF打印限制 - MaiPDF | 安全PDF分享","True","False","False","True","21","modern","3"
"features/en/security/share-pdf-online-securely.html","11.5","NO","EN","Share PDF Online Without Downloading - MaiPDF","True","False","False","True","0","mixed","3"
"features/en/security/sharesecure.html","8.3","YES","EN","maipdf - Secure PDF Sharing","True","False","False","True","0","mixed","2"
"features/en/security/share_pdf_securely.html","7.1","YES","ZH","MaiPDF - PDF 文件安全分享","False","False","False","True","2","mixed","2"
"features/en/security/sms_verify.html","6.9","YES","ZH","MaiPDF 手机验证功能 - 提升文件共享安全性","False","False","False","True","2","mixed","2"
"features/en/security/stop-pdf-sharing.html","9.3","YES","EN","Stop PDF Sharing and Protect Your Documents | MaiPDF","True","False","False","True","0","mixed","2"
"features/en/security/time-limits-pdf-files.html","13","NO","EN","Set View Limits on PDF Files | Control PDF Access | MaiPDF","True","False","False","True","0","modern","3"
"features/en/security/verifyListfromEmail.html","6.1","YES","EN","Why Email Verification Is Essential for Secure PDF Sharing | MaiPDF Blog","False","False","False","True","2","mixed","2"
"features/en/sharing/broadcast.html","9.4","YES","ZH","如何快速传播PDF文件并生成分享链接 - MaiPDF","True","False","False","True","2","modern","2"
"features/en/sharing/cloudshare.html","7.4","YES","ZH","MaiPDF的云分享功能","True","False","False","True","2","mixed","2"
"features/en/sharing/convert-pdf-to-link.html","8.6","YES","EN","MaiPDF - Convert PDF to Secure Links","True","False","False","True","2","modern","2"
"features/en/sharing/convert-pdf-to-qr-code.html","29.1","NO","EN","Convert PDF to QR Code Free Online - Secure PDF QR Code Generator with Passwo...","True","False","True","True","11","modern","5"
"features/en/sharing/fast-free-pdf-sharing.html","18.9","NO","EN","Fast & Free PDF Sharing - MaiPDF | Share PDFs Instantly at No Cost","True","False","False","True","2","modern","4"
"features/en/sharing/free-online-pdf-sharing-tool.html","7.1","YES","EN","MaiPDF - Free Online PDF Transfer and Sharing Tool","False","False","False","True","2","mixed","2"
"features/en/sharing/free-pdf-sharing-platform.html","5.2","YES","EN","Free PDF Sharing Platform - MaiPDF | Share PDFs Online Without Cost","False","False","False","True","2","modern","2"
"features/en/sharing/how-to-share-pdf-online.html","8","YES","EN","Convert PDF to Link for Sharing - MaiPDF","True","False","False","True","0","mixed","2"
"features/en/sharing/maipdfexamples.html","10.9","NO","ZH","MaiPDF - PDF 防止下载与复制","False","False","False","True","2","mixed","2"
"features/en/sharing/maipdfintro2025.html","7.1","YES","EN","MaiPDF: Secure PDF Hosting with Password Protection and Dynamic Watermarking","False","False","False","True","2","mixed","2"
"features/en/sharing/maipdf_pdf_sharing.html","7.7","YES","EN","MaiPDF - Share PDF Documents Online","False","False","False","True","2","mixed","2"
"features/en/sharing/methodsofsharing.html","10.2","NO","EN","How to Send PDF Files Securely","True","False","False","True","2","mixed","3"
"features/en/sharing/nativeview.html","5.6","YES","EN","MaiPDF: Simplify PDF Sharing with Native Presentation","True","False","False","True","2","mixed","2"
"features/en/sharing/pdf-link-sharing.html","17.3","NO","ZH","PDF 連結分享 - 專業文件分享解決方案","True","False","False","True","2","modern","4"
"features/en/sharing/pdflinks.html","17.1","NO","EN","Share PDF Files Online Securely | MaiPDF - Advanced Link Sharing","True","False","False","True","4","modern","4"
"features/en/sharing/qrfrompdf.html","8.9","YES","EN","Generate PDF as a Link: Enhance Document Security with MaiPDF","True","False","False","True","2","mixed","2"
"features/en/sharing/share-pdf-files-online.html","45.1","NO","EN","Share PDF Files Online Securely | MaiPDF","True","False","False","True","5","modern","4"
"features/en/sharing/sharebylink.html","6.5","YES","EN","How to Share Your PDF File Online - MaiPDF","False","False","False","True","0","mixed","2"
"features/en/sharing/sharedocuonlinefree.html","6.6","YES","EN","Share Document – Send PDF Online For Free","False","False","False","True","2","mixed","2"
"features/en/sharing/shareeasily.html","10.8","NO","EN","Share PDF Online for Free and Easily","False","False","False","True","0","mixed","2"
"features/en/sharing/shareitonline.html","5.7","YES","EN","Free PDF Upload and Sharing - Maipdf","False","False","False","True","2","mixed","2"
"features/en/sharing/sharepdf.html","12.6","NO","ZH","如何通过MaiPDF快速分享PDF文件并管理文件访问","True","False","False","True","0","modern","3"
"features/en/sharing/sharepdfsfilesonline.html","10.5","NO","EN","MaiPDF - Convert PDF to Secure Links","True","False","False","True","0","modern","3"
"features/en/sharing/Share_PDF_Online.html","11.4","NO","EN","Share PDF Online: Convert PDF to Link for Easy Sharing","True","False","False","True","0","modern","3"
"features/en/sharing/showonweb.html","7.1","YES","ZH","如何把PDF做成链接放到网页上","True","False","False","True","2","mixed","2"
"features/en/sharing/showpdfonline.html","7.9","YES","ZH","如何在线展示PDF - MaiPDF","True","False","False","True","2","modern","2"
"features/en/sharing/socialmedia.html","9.8","YES","EN","How to Share PDF Files on Social Media","True","False","False","True","2","mixed","2"
"features/en/sharing/sshare.html","6.9","YES","EN","Secure & Free PDF Hosting - Maipdf","False","False","False","True","2","mixed","2"
"features/en/sharing/tourlway.html","15.7","NO","EN","How to Convert PDF to URL and Share It Securely - MaiPDF","True","False","False","True","2","modern","4"
"features/en/sharing/user-friendly-pdf-viewer.html","7.9","YES","EN","User-Friendly PDF Viewer - MaiPDF | Simple PDF Viewing Experience","False","False","False","True","2","modern","2"
"features/en/tracking/client-feedback-management.html","15.8","NO","EN","Client Feedback Management | MaiPDF","False","False","False","True","11","modern","2"
"features/en/tracking/industry-tracking-best-practices.html","0.7","YES","EN","404 - Page Removed","False","False","False","False","0","modern","1"
"features/en/tracking/pdf-tracking-analytics.html","0.7","YES","EN","404 - Page Removed","False","False","False","False","0","modern","1"
"features/en/tracking/pdf-view-tracking.html","0.7","YES","EN","404 - Page Removed","False","False","False","False","0","modern","1"
"features/en/tracking/PDFreadnotify.html","6.8","YES","EN","MaiPDF - Get Notified When Your PDF Is Read","True","False","False","True","2","modern","2"
"features/en/tracking/trackpdfopen.html","0.7","YES","EN","404 - Page Removed","False","False","False","False","0","modern","1"
"features/en/watermark/design-watermark-protection.html","11.7","NO","EN","Design Work Protection | MaiPDF | Secure Your Creative Assets","False","False","False","True","6","modern","2"
"features/en/watermark/dynamic-qr-watermark-pdf.html","21.4","NO","EN","MaiPDF: Smart Watermark Technology to Protect Your PDF Documents","True","False","False","True","2","modern","4"
"features/en/watermark/dynamic-watermark-tracking.html","0.7","YES","EN","404 - Page Removed","False","False","False","False","0","modern","1"
"features/en/watermark/pdf-watermarking-branding.html","8","YES","EN","PDF Watermarking & Branding | MaiPDF | Protect and Brand Your Documents","False","False","False","True","2","modern","2"
"features/en/watermark/qrmark.html","7","YES","EN","MaiPDF - Prevent PDF Forwarding with DynamicQR","True","False","False","True","2","modern","2"
"features/en/watermark/setup-dynamic-watermarks.html","6.9","YES","EN","Setup Dynamic Watermarks | MaiPDF | Step-by-Step Guide","False","False","False","True","2","modern","2"
"features/es/watermark/dynamic-qr-watermark-pdf-es.html","8.2","YES","ES","MaiPDF: Tecnología de Marca de Agua Inteligente para la Protección de Documen...","True","False","False","False","0","mixed","2"
"features/fr/hosting/maipdf-bootstrap-rich-features-fr.html","7.7","YES","FR","Partage PDF Sécurisé avec Fonctionnalités Avancées | MaiPDF","True","False","False","False","0","mixed","2"
"features/fr/hosting/maipdf_host_pdf_online_fr.html","6.3","YES","FR","Hébergement et Partage Sécurisé de PDF en Ligne | MaiPDF","True","False","False","False","0","mixed","2"
"features/fr/hosting/pdf-online-hosting-and-sharing-fr.html","6.3","YES","FR","Hébergement et Partage Sécurisé de PDF en Ligne | MaiPDF","True","False","False","False","0","mixed","2"
"features/fr/security/keycodeFR.html","12.7","YES","FR","Affichage des événements du clavier et de la souris","False","False","False","False","0","mixed","2"
"features/fr/security/partage-pdf-securise-fonctionnalites-avancees.html","7.6","YES","FR","Partage PDF Sécurisé avec Fonctionnalités Avancées | MaiPDF","True","False","False","False","0","mixed","2"
"features/fr/security/partage-securise-pdf-fonctionnalites-avancees.html","2.3","NO","EN","NO TITLE","False","False","False","False","9","outdated","1"
"features/fr/watermark/dynamic-qr-watermark-pdf-fr.html","8.2","YES","FR","MaiPDF : Technologie de filigrane intelligent pour la protection des document...","True","False","False","False","0","mixed","2"
"features/ja/hosting/maipdf-bootstrap-rich-features-ja.html","7.3","YES","JA","高度な機能を備えた安全なPDF共有 | MaiPDF","True","False","False","False","0","mixed","2"
"features/ja/security/keycodeJP.html","12.6","YES","JA","キーボードとマウスイベントの表示","False","False","False","False","0","mixed","2"
"features/ja/security/secure-pdf-sharing-advanced-features-ja.html","7.2","YES","JA","高度な機能を備えた安全なPDF共有 | MaiPDF","True","False","False","False","0","mixed","2"
"features/ja/watermark/dynamic-qr-watermark-pdf-jp.html","8","YES","JA","MaiPDF: PDF文書を守るスマートな水印技術","True","False","False","False","0","mixed","2"
"features/usecase/pdf-branding.html","1","NO","EN","Redirecting...","False","False","False","False","0","outdated","1"
"features/usecase/usecase/german/passwortschutz.html","1","NO","EN","Redirecting...","False","False","False","False","0","outdated","1"
"features/zh/index.html","18.3","NO","ZH","MaiPDF 中文文章索引 - 完整教程和指南 | MaiPDF","False","False","False","False","35","modern","2"
"features/zh/mai介绍.html","14.3","NO","ZH","如何使用 MaiPDF 将 PDF 文件转化为共享链接","False","False","False","False","0","modern","2"
"features/zh/comparison/maifileormaipdf.html","3.3","YES","EN","Maipdf PDF Sharing Platform","False","False","False","False","0","mixed","1"
"features/zh/comparison/whichone.html","11.4","NO","ZH","Maipdf PDF分享平台","False","False","False","False","2","mixed","2"
"features/zh/design/designercn.html","7.1","NO","                <P>对于设计师而言，作品集是展示创意、技能以及设计理念的窗口。无论是求职面试还是接单，作品集常常是唯一的展示形式。上传并分享作品集，能够让潜在的客户或雇主了解您的能力和风格。</P>
                <IMG SRC=","设计师如何分享自己的作品集","True","False","False","False","0","mixed","2"
"features/zh/design/shejishi.html","6.1","YES","ZH","设计师如何分享作品集","True","False","False","False","0","mixed","2"
"features/zh/design/zihui.html","4.1","YES","ZH","如何让文件自毁，到期无法打开","False","False","False","False","0","mixed","1"
"features/zh/design/zuopinji.html","4.2","YES","ZH","如何分享作品集","False","False","False","False","0","mixed","1"
"features/zh/hosting/cnhostonline.html","6.8","YES","ZH","MaiPDF：免费安全的PDF文件托管平台","True","False","False","False","0","mixed","2"
"features/zh/hosting/hostonlineeasy.html","7.9","YES","EN","MaiPDF: Free & Secure PDF Hosting","False","False","False","False","0","mixed","2"
"features/zh/hosting/hostponline.html","7.2","YES","EN","Host PDF Online with MaiPDF","True","False","False","False","0","mixed","2"
"features/zh/hosting/maipdf-bootstrap-rich-features-zh.html","6.7","YES","ZH","高级功能支持的安全 PDF 分享 | MaiPDF","True","False","False","False","0","mixed","2"
"features/zh/hosting/maipdf-cloud-sharing-zh.html","5.6","YES","ZH","MaiPDF的云分享功能","True","False","False","False","0","mixed","2"
"features/zh/hosting/maipdf-pdf-hosting-full-cn.html","4.9","YES","ZH","在线 Host PDF 文件并限制链接访问 - MaiPDF","False","False","False","False","0","mixed","1"
"features/zh/hosting/maipdf_host_pdf_online_zh.html","11.2","NO","ZH","安全的 PDF 在线托管与分享 | MaiPDF","True","False","False","False","0","modern","3"
"features/zh/hosting/pdf-online-hosting-and-sharing-zh.html","5.8","YES","ZH","安全的 PDF 在线托管与分享 | MaiPDF","True","False","False","False","0","mixed","2"
"features/zh/maiimg/index.html","7.5","YES","ZH","MaiImg 中文文章索引 - 完整教程和指南 | MaiImg","False","False","False","False","7","modern","2"
"features/zh/maiimg/免费图片托管分享指南.html","21","NO","ZH","免费图片托管分享指南 - 上传、分享和追踪图片 | MaiImg","False","False","False","True","3","modern","2"
"features/zh/maiimg/图片二维码分享.html","14.4","NO","ZH","图片二维码分享教程 - 生成二维码离线分享图片 | MaiImg","False","False","False","False","3","modern","2"
"features/zh/maiimg/图片查看追踪分析.html","0.7","YES","EN","404 - Page Removed","False","False","False","False","0","modern","1"
"features/zh/maiimg/批量图片上传分享.html","13.3","NO","ZH","批量图片上传分享教程 - 一次上传25张图片 | MaiImg","False","False","False","False","3","modern","2"
"features/zh/maiimg/社交媒体图片分享.html","12.5","NO","ZH","社交媒体图片分享教程 - 在微信、微博等平台分享图片 | MaiImg","False","False","False","False","3","modern","2"
"features/zh/security/bufang.html","6.8","YES","ZH","如何将PDF转换为链接并分享到朋友圈","True","False","False","False","0","mixed","2"
"features/zh/security/daoqi.html","6.9","YES","ZH","如何将PDF设置一个到期时间","True","False","False","False","0","mixed","2"
"features/zh/security/destruct.html","5.8","YES","EN","PDF Documents Expiry and Self-Destruct | MaiPDF","True","False","False","False","0","mixed","2"
"features/zh/security/encrypt-pdf-prevent-editing-cn.html","11.8","NO","ZH","如何给PDF加密防止编辑","True","False","False","True","0","mixed","3"
"features/zh/security/jiali.html","6.9","YES","ZH","如何将简历生成链接并轻松分享","True","False","False","False","0","mixed","2"
"features/zh/security/jiami.html","7.5","YES","ZH","如何给PDF加密防止编辑","False","False","False","False","0","mixed","2"
"features/zh/security/jinzhi.html","5.1","YES","ZH","如何设置PDF不可编辑","True","False","False","False","0","mixed","2"
"features/zh/security/keycode.html","11.9","NO","ZH","键盘和鼠标事件显示","False","False","False","False","0","mixed","2"
"features/zh/security/kongzhi.html","2.3","YES","ZH","如何分享特大PDF文件","True","False","False","False","0","mixed","1"
"features/zh/security/kongzhiwaifa.html","5","YES","ZH","如何分享特大PDF文件","True","False","False","False","0","mixed","2"
"features/zh/security/maifilefenceview.html","4.8","YES","ZH","如何防止PDF截图","True","False","False","False","0","mixed","1"
"features/zh/security/maipdf-secure-pdf-hosting-cn.html","7","YES","ZH","MaiPDF：免费安全的PDF文件托管平台","True","False","False","False","0","mixed","2"
"features/zh/security/maipdffenceview.html","33.4","NO","ZH","MaiPDF栅格视图: 增强PDF文档保护 | 更安全的文档共享","True","False","False","False","0","modern","3"
"features/zh/security/mimafangwen.html","7.2","YES","ZH","如何设置PDF文件禁止打印","True","False","False","False","0","mixed","2"
"features/zh/security/pdf_prevent_forward.html","15.7","NO","ZH","如何防止PDF文件被转发 - MaiPDF","True","False","False","True","0","modern","4"
"features/zh/security/pdf密码保护教程.html","14.4","NO","ZH","PDF密码保护教程 - 完整密码保护指南 | MaiPDF","False","False","False","True","4","modern","2"
"features/zh/security/secure-pdf-sharing-advanced-features-zh.html","6.7","YES","ZH","高级功能支持的安全 PDF 分享 | MaiPDF","True","False","False","False","0","mixed","2"
"features/zh/security/share-pdf-online-securely.html","13","NO","ZH","在线分享PDF无需下载 - MaiPDF","True","False","False","True","0","modern","3"
"features/zh/security/sharesecure.html","10.6","NO","ZH","MaiPDF - 安全分享您的PDF","True","False","False","True","0","modern","3"
"features/zh/security/teda.html","5.3","YES","ZH","如何分享特大PDF文件","True","False","False","False","0","mixed","2"
"features/zh/security/waifa.html","6","YES","ZH","如何控制PDF外发","True","False","False","False","0","mixed","2"
"features/zh/sharing/convert-pdf-to-shareable-link-zh.html","6.8","YES","ZH","如何将PDF转换为链接并分享到朋友圈","True","False","False","False","0","mixed","2"
"features/zh/sharing/lianjiepdf.html","5.5","YES","ZH","如何将PDF转换为链接并分享到朋友圈","True","False","False","False","0","mixed","2"
"features/zh/sharing/likeH5.html","7.1","YES","ZH","如何将PDF像H5链接一样进行分享","True","False","False","False","0","mixed","2"
"features/zh/sharing/liulan.html","5","YES","ZH","如何使PDF文件在线浏览","True","False","False","False","0","mixed","2"
"features/zh/sharing/pdftourl.html","7.9","YES","ZH","如何把PDF文件做成网址链接","True","False","False","False","0","modern","2"
"features/zh/sharing/pdf二维码生成教程.html","13.8","NO","ZH","PDF二维码生成教程 - 完整二维码生成指南 | MaiPDF","False","False","False","False","0","modern","2"
"features/zh/sharing/pdf安全分享完整指南.html","23","NO","ZH","PDF安全分享完整指南 - 企业级安全分享教程 | MaiPDF","False","False","False","True","4","modern","2"
"features/zh/sharing/pdf水印设置教程.html","17.7","NO","ZH","PDF水印设置教程 - 完整水印保护指南 | MaiPDF","False","False","False","True","4","modern","2"
"features/zh/sharing/pengyouquan.html","6.8","YES","ZH","如何将PDF转换为链接并分享到朋友圈","True","False","False","False","0","mixed","2"
"features/zh/sharing/pingtaishuoming.html","6.9","YES","ZH","Maipdf PDF分享平台","False","False","False","False","0","modern","2"
"features/zh/sharing/quick-pdf-sharing-and-link-generation-zh.html","7.7","YES","ZH","如何快速传播PDF文件并生成分享链接 - MaiPDF","True","False","False","False","0","modern","2"
"features/zh/sharing/saomiao.html","7.8","YES","ZH","如何使PDF在线浏览并确保即时查看","False","False","False","False","0","mixed","2"
"features/zh/sharing/shareonwechat.html","6.4","YES","ZH","一键生成 PDF 链接，轻松分享到朋友圈和社交媒体","True","False","False","False","0","mixed","2"
"features/zh/sharing/ShareSecure.html","13.8","NO","ZH","安全分享PDF - MaiPDF","True","False","False","True","0","modern","3"
"features/zh/sharing/upload-share-pdf cn.html","5.9","YES","ZH","在线分享PDF文件 - MaiPDF","True","False","False","False","0","mixed","2"
"features/zh/sharing/upload-share-pdf-cn.html","7.2","YES","ZH","如何在线分享PDF文件 - MaiPDF","True","False","False","False","0","modern","2"
"features/zh/sharing/waysmulti.html","22.6","NO","EN","How to Send PDF Files to Others","True","True","False","False","0","mixed","3"
"features/zh/sharing/waystosend.html","18.1","NO","EN","How to Generate and Share PDF via Link","True","True","False","False","0","mixed","3"
"features/zh/sharing/wendang.html","4.4","YES","ZH","如何使PDF在线浏览并确保即时查看","False","False","False","False","0","mixed","1"
"features/zh/sharing/共享.html","6.6","YES","ZH","MaiPDF - 免费在线 PDF 文件传送与共享工具","False","False","False","False","0","modern","2"
"features/zh/tracking/pdfreadalert.html","6.7","YES","EN","MaiPDF ReadNotify: Get Notified When Your PDF Link Is Opened","True","False","False","False","0","mixed","2"
"features/zh/tracking/pdf查看追踪完整指南.html","0.7","YES","EN","404 - Page Removed","False","False","False","False","0","modern","1"
"features/zh/tracking/阅读记录.html","41.8","NO","ZH","PDF 阅读记录与访问统计：实时掌握每次文件访问 | MaiPDF","True","False","False","False","0","modern","3"
"features/zh/watermark/convertQR.html","6.2","YES","ZH","如何把PDF文件生成为二维码进行展示 - MaiPDF","True","False","False","False","0","modern","2"
"features/zh/watermark/dongtai.html","5.7","YES","ZH","如何设置PDF文件禁止打印","True","False","False","False","0","mixed","2"
"features/zh/watermark/dynamicqr.html","5.7","YES","EN","MaiPDF - Prevent PDF Forwarding with DynamicQR","True","False","False","False","0","modern","2"
"features/zh/watermark/waterMaipdf.html","5.6","YES","EN","MaiPDF: Secure PDF Hosting with Password Protection and Dynamic Watermarking","False","False","False","False","0","mixed","2"
"features/zh/watermark/动态水印.html","7","YES","EN","Maipdf 动态二维码水印功能","False","False","False","False","0","modern","2"
"features/zh/watermark/动态水印maipdf.html","11.6","NO","ZH","MaiPDF 动态二维码水印功能","True","False","False","False","0","mixed","3"
"flipbook/flip-animated.html","13.4","YES","EN","MaiPDF 翻页效果查看器","False","False","False","False","0","modern","2"
"flipbook/flip-single.html","7","YES","EN","MaiPDF 单页翻页查看器","False","False","False","False","0","modern","2"
"flipbook/flip.html","16.6","YES","ZH","MaiPDF Flipbook Viewer","False","False","False","False","0","modern","2"
"flipbook/original copy.html","10.5","YES","ZH","StPageFlip 单页翻页书","False","False","False","False","0","modern","2"
"flipbook/original-fixed.html","11.9","YES","ZH","PDF翻页书 - 单页模式","False","False","False","False","0","modern","2"
"flipbook/original.html","10.5","YES","ZH","StPageFlip 单页翻页书","False","False","False","False","0","modern","2"
"flipbook/pdf-flipbook-free.html","15","NO","EN","Free PDF Flipbook Creator - MaiPDF","True","False","False","True","0","modern","4"
"flipbook/pdf-flipbook-watermark.html","17.1","NO","EN","PDF Flipbook Watermark Protection - MaiPDF","True","False","False","True","0","modern","4"
"flipbook/pdf_to_canvas_upload.html","2.7","YES","EN","PDF to Image with PDF.js","False","False","False","False","0","modern","1"
"flipbook/simple-single.html","8.6","YES","ZH","单页翻页书 - 简洁版","False","False","False","False","0","modern","2"
"flipbook/testturn.html","5.5","YES","EN","MaiPDF Flipbook Viewer","False","False","False","False","0","modern","2"
"flipbook/turn-flipbook.html","17.4","NO","EN","MaiPDF Turn.js 翻页查看器","False","False","False","False","0","modern","2"
"flipbook/turn-simple.html","0","EMPTY","N/A","EMPTY FILE","False","False","False","False","0","N/A","0"
"french/dynamic-watermark-tracking.html","0.7","YES","EN","404 - Page Removed","False","False","False","False","0","modern","1"
"french/pdf-tracking-analytics.html","0.7","YES","EN","404 - Page Removed","False","False","False","False","0","modern","1"
"french/pdf-tracking-comparison.html","0.7","YES","EN","404 - Page Removed","False","False","False","False","0","modern","1"
"french/pdf-view-tracking.html","0.7","YES","EN","404 - Page Removed","False","False","False","False","0","modern","1"
"german/dynamische-wasserzeichen.html","13.7","YES","DE","Dynamische PDF-Wasserzeichen | MaiPDF","True","False","False","True","6","modern","3"
"german/email-verifizierung.html","16.8","YES","DE","E-Mail-Verifizierung für PDF-Zugriff | MaiPDF","True","False","False","True","0","modern","4"
"german/index.html","12.3","YES","DE","MaiPDF Deutsch - PDF Funktionen und Lösungen","True","False","False","True","14","modern","3"
"german/passwortschutz.html","14.2","YES","DE","PDF-Passwortschutz | MaiPDF","True","False","False","True","6","modern","3"
"german/pdf-analytik.html","15.6","YES","DE","PDF-Analytik und Zugriffsstatistik | MaiPDF","True","False","False","True","6","modern","4"
"german/sicheres-pdf-teilen.html","15.3","YES","DE","Sicheres PDF-Teilen | MaiPDF","True","False","False","True","6","modern","4"
"japanese/convert-pdf-features.html","49.4","YES","JA","MaiPDF Convert | 高度なセキュリティ機能でPDFを変換","True","False","False","True","4","modern","4"
"japanese/index.html","27.2","YES","JA","MaiPDF - プロフェッショナルなPDF共有とセキュリティ","True","False","False","True","43","modern","4"
"japanese/internal-company-docs-sharing.html","34.9","YES","JA","転送リスクなしで社内文書を共有する方法 | MaiPDF","True","False","False","True","14","modern","4"
"japanese/pdf-security-features.html","9","YES","JA","PDFセキュリティ機能 | MaiPDF | 文書保護","True","False","False","True","0","modern","2"
"japanese/pdf-tracking-analytics.html","0.7","YES","EN","404 - Page Removed","False","False","False","False","0","modern","1"
"japanese/pdf-tracking-sharing.html","0.7","YES","EN","404 - Page Removed","False","False","False","False","0","modern","1"
"japanese/time-limited-whitepapers-case-studies.html","34.4","YES","JA","期間限定のホワイトペーパーやケーススタディを送信する方法 | MaiPDF","True","False","False","True","14","modern","4"
"japanese/features/design-file-organization.html","1.2","YES","EN","Redirecting...","False","False","False","False","0","outdated","1"
"japanese/features/maipdf-secure-pdf-hosting-cn.html","1.2","YES","EN","Redirecting...","False","False","False","False","0","outdated","1"
"japanese/features/features/designer-portfolio-pdf.html","1.2","YES","EN","Redirecting...","False","False","False","False","0","outdated","1"
"japanese/japanese/usecase/secure-pdf-sharing.html","1.1","YES","EN","Redirecting...","False","False","False","False","0","outdated","1"
"korean/anonymous-pdf-sharing.html","10.2","YES","KO","익명 PDF 공유 | MaiPDF | 로그인 없는 안전한 문서 공유","True","False","False","True","0","modern","3"
"korean/convert-pdf-features.html","46.4","YES","KO","MaiPDF Convert | 고급 보안 기능으로 PDF 변환","True","False","False","True","4","modern","4"
"korean/design-watermark-protection.html","13.6","YES","KO","디자인 작업 보호 | MaiPDF | 창작물 보안","True","False","False","True","0","modern","3"
"korean/dynamic-watermark-tracking.html","0.7","YES","EN","404 - Page Removed","False","False","False","False","0","modern","1"
"korean/email-verification-secure-pdf-access.html","14.8","YES","KO","이메일 인증으로 안전한 PDF 접근 - MaiPDF","True","False","False","True","5","modern","3"
"korean/free-pdf-sharing-platform.html","7.2","YES","KO","무료 PDF 공유 플랫폼 - MaiPDF | 비용 없이 PDF 온라인 공유","True","False","False","True","0","modern","2"
"korean/pdf-security-features.html","16","YES","KO","PDF 보안 기능 - MaiPDF | PDF 문서 보호","True","False","False","True","30","modern","4"
"korean/pdf-tracking-analytics.html","0.7","YES","EN","404 - Page Removed","False","False","False","False","0","modern","1"
"korean/prevent-document-content-copying.html","13.3","YES","KO","문서 내용 복사 방지 - MaiPDF","True","False","False","True","5","modern","3"
"korean/secure-pdf-access-control.html","12.3","YES","KO","안전한 PDF 접근 제어 - MaiPDF","True","False","False","True","5","modern","3"
"korean/time-limits-pdf-files.html","12.1","YES","KO","PDF 파일에 시간 제한 설정 - MaiPDF","True","False","False","True","5","modern","3"
"localization/maiconvert.html","1.3","YES","EN","Redirecting to MaiPDF Convert...","False","False","False","False","0","outdated","1"
"localization/maipdf_advanced_features.html","5.8","YES","EN","MaiPDF - Secure PDF Sharing and QR Code Generator","True","False","False","False","0","mixed","2"
"localization/maipdf_advanced_features_de_v3.html","3","YES","DE","MaiPDF - Sichere PDF-Freigabe und QR-Code-Generator","True","False","False","False","0","mixed","1"
"localization/maipdf_advanced_features_es_v3.html","1.3","YES","ES","MaiPDF - Funciones Avanzadas","False","False","False","False","0","modern","1"
"localization/maipdf_advanced_features_fr_v3.html","3.1","YES","FR","MaiPDF - Partage sécurisé de PDF et générateur de codes QR","True","False","False","False","0","mixed","1"
"localization/maipdf_advanced_features_it_v3.html","2.1","YES","IT","MaiPDF - Funzionalità Avanzate","False","False","False","False","0","modern","1"
"localization/maipdf_advanced_features_ja_v3.html","4.4","YES","JA","MaiPDF - 安全なPDF共有とQRコード生成","True","False","False","False","0","mixed","1"
"localization/maipdf_advanced_features_zh_v3.html","5.3","YES","ZH","MaiPDF - 高级 PDF 分享和安全功能","True","False","False","True","0","mixed","2"
"maiimg-articles/batch-image-upload-sharing.html","11.7","NO","EN","Batch Image Upload & Sharing - Upload 25 Images at Once with One Link | MaiImg","True","False","False","False","3","modern","3"
"maiimg-articles/email-image-sharing-no-attachments.html","21.4","NO","EN","Email Image Sharing Without Attachments - Share Images via Email Links | MaiImg","True","False","False","False","3","modern","3"
"maiimg-articles/free-image-hosting-sharing.html","34.9","NO","EN","Free Image Hosting & Sharing - Upload, Share & Track Images Online | MaiImg","True","False","False","True","11","modern","4"
"maiimg-articles/image-compression-optimization.html","14.7","NO","EN","Image Compression & Optimization - Optimize Images for Fast Sharing | MaiImg","False","False","False","False","3","modern","2"
"maiimg-articles/image-expiration-access-control.html","11.8","NO","EN","Image Access Control - View Limits & Revocable Links | MaiImg","True","False","False","False","3","modern","3"
"maiimg-articles/image-format-guide.html","12.4","NO","EN","Image Format Guide - Choose the Right Format for Your Images | MaiImg","False","False","False","False","3","modern","2"
"maiimg-articles/image-password-protection.html","11.3","NO","EN","Image Password Protection - Secure Image Sharing with Password Control | MaiImg","True","False","False","False","3","modern","3"
"maiimg-articles/image-qr-code-sharing.html","10.2","NO","EN","Image QR Code Sharing - Generate QR Codes for Image Galleries | MaiImg","True","False","False","False","3","modern","3"
"maiimg-articles/image-sharing-best-practices.html","17.3","NO","EN","Image Sharing Best Practices - Professional Tips & Strategies | MaiImg","False","False","False","False","4","modern","2"
"maiimg-articles/image-view-tracking-analytics.html","0.7","YES","EN","404 - Page Removed","False","False","False","False","0","modern","1"
"maiimg-articles/image-watermark-protection.html","10.8","NO","EN","Image Watermark Protection - Protect Images with Watermarks | MaiImg","True","False","False","False","3","modern","3"
"maiimg-articles/index.html","8.9","NO","EN","MaiImg Articles & Guides - Image Hosting & Sharing Tutorials","False","False","False","False","12","modern","2"
"maiimg-articles/social-media-image-sharing.html","17.9","NO","EN","Social Media Image Sharing - Share Images on Twitter, Facebook & Instagram | ...","True","False","False","False","3","modern","3"
"new-articles-for-blog/document-watermarking-guide.html","21.4","NO","EN","Document Watermarking: The Complete Guide to Protecting Your PDFs","False","False","False","True","5","modern","2"
"new-articles-for-blog/drm-for-pdf.html","21","NO","EN","DRM for PDF Documents: Comprehensive Protection Guide","False","False","False","True","5","modern","2"
"new-articles-for-blog/pdf-analytics-tracking.html","0.7","YES","EN","404 - Page Removed","False","False","False","False","0","modern","1"
"new-articles-for-blog/pdf-security-best-practices.html","21.7","NO","EN","PDF Security Best Practices 2025: Complete Guide to Protecting Your Documents","False","False","False","True","5","modern","2"
"new-articles-for-blog/secure-file-sharing.html","21.2","NO","EN","Secure File Sharing in 2025: Beyond Basic Cloud Storage","False","False","False","True","5","modern","2"
"usecase/confidential-investor-updates.html","17.5","NO","EN","Protecting Confidential Investor Updates | MaiPDF","False","False","False","True","0","modern","2"
"usecase/document-control-security.html","16.7","NO","EN","Document Control & Security | MaiPDF","False","False","False","True","3","modern","2"
"usecase/free-pdf-hosting.html","12.6","NO","EN","Free PDF Hosting | MaiPDF","True","False","False","True","0","modern","3"
"usecase/index.html","17.8","NO","EN","MaiPDF Use Cases - PDF Applications and Scenarios","False","False","False","True","0","mixed","2"
"usecase/pdf-access-control.html","16.5","NO","EN","PDF Access Control | MaiPDF | Document Security","True","False","False","True","0","modern","4"
"usecase/pdf-analytics.html","15","NO","EN","PDF Analytics | MaiPDF | Advanced Document Tracking","True","False","False","True","13","modern","4"
"usecase/pdf-branding.html","16.2","NO","EN","PDF Branding | MaiPDF | Professional Document Branding","True","False","False","True","0","modern","4"
"usecase/pdf-encryption.html","15","NO","EN","PDF Encryption | MaiPDF | Advanced Document Protection","True","False","False","True","13","modern","4"
"usecase/pdf-expiration-dates.html","4.1","YES","EN","PDF View Limits (Open Count Limits) | MaiPDF","False","False","False","True","0","outdated","1"
"usecase/pdf-password-protection.html","15.3","NO","EN","PDF Password Protection | MaiPDF | Advanced Document Security","True","False","False","True","13","modern","4"
"usecase/pdf-security.html","15.2","NO","EN","PDF Security | MaiPDF | Advanced Document Protection","True","False","False","True","13","modern","4"
"usecase/pdf-sharing-analytics.html","16.1","NO","EN","PDF Sharing Analytics | MaiPDF | Document Sharing Insights","True","False","False","True","13","modern","4"
"usecase/pdf-tracking.html","0.7","YES","EN","404 - Page Removed","False","False","False","False","0","modern","1"
"usecase/pdf-watermarking.html","15.2","NO","EN","PDF Watermarking | MaiPDF | Dynamic Document Protection","True","False","False","True","0","modern","4"
"usecase/secure-pdf-sharing.html","16.9","NO","EN","Free Secure PDF Sharing | MaiPDF | Document Security","True","False","False","True","0","modern","4"
"usecase/share-pdf-online.html","13.2","NO","EN","Share PDF Online | MaiPDF","False","False","False","True","0","modern","2"
"usecase/track-pdf-usage.html","0.7","YES","EN","404 - Page Removed","False","False","False","False","0","modern","1"
"usecase/features/features/how-to-share-pdf-online.html","1.1","NO","EN","Redirecting...","False","False","False","False","0","outdated","1"
"usecase/features/features/share-pdf-files-online.html","1.1","NO","EN","Redirecting...","False","False","False","False","0","outdated","1"
"usecase/usecase/article/index.html","1","NO","EN","Redirecting...","False","False","False","False","0","outdated","1"
"usecase/usecase/article/limit-pdf-open-times.html","1.1","NO","EN","Redirecting...","False","False","False","False","0","outdated","1"
"usecase/usecase/features/email-verification-secure-pdf-access.html","1.2","NO","EN","Redirecting...","False","False","False","False","0","outdated","1"
"usecase/usecase/features/encrypt-pdf-prevent-editing-cn.html","1.2","NO","EN","Redirecting...","False","False","False","False","0","outdated","1"
"usecase/usecase/features/free-pdf-hosting-and-sharing.html","1.2","NO","EN","Redirecting...","False","False","False","False","0","outdated","1"
"usecase/usecase/features/google-drive-vs-maipdf.html","1.2","NO","EN","Redirecting...","False","False","False","False","0","outdated","1"
"usecase/usecase/features/how-to-share-pdf-online.html","1.1","NO","EN","Redirecting...","False","False","False","False","0","outdated","1"
"usecase/usecase/features/shareeasily.html","1.1","NO","EN","Redirecting...","False","False","False","False","0","outdated","1"
"usecase/usecase/features/sharepdf.html","1.1","NO","EN","Redirecting...","False","False","False","False","0","outdated","1"
"usecase/usecase/usecase/secure-pdf-sharing.html","1.1","NO","EN","Redirecting...","False","False","False","False","0","outdated","1"
